Model,Precision,Recall,F1-Score,Accuracy,C,Implementation,Model Type,gamma
Soft-Margin cvxpy (C=0.01),0.4658385093167702,0.5,0.48231511254019294,0.4633333333333333,0.01,cvxpy,Soft-Margin,
Soft-Margin sklearn (C=0.01),0.4658385093167702,0.5,0.48231511254019294,0.4633333333333333,0.01,sklearn,Soft-Margin,
Soft-Margin cvxpy (C=0.1),0.48226950354609927,0.4533333333333333,0.46735395189003437,0.48333333333333334,0.1,cvxpy,Soft-Margin,
Soft-Margin sklearn (C=0.1),0.48226950354609927,0.4533333333333333,0.46735395189003437,0.48333333333333334,0.1,sklearn,Soft-Margin,
Soft-Margin cvxpy (C=1),0.48951048951048953,0.4666666666666667,0.4778156996587031,0.49,1.0,cvxpy,Soft-Margin,
Soft-Margin sklearn (C=1),0.48951048951048953,0.4666666666666667,0.4778156996587031,0.49,1.0,sklearn,Soft-Margin,
Soft-Margin cvxpy (C=10),0.4861111111111111,0.4666666666666667,0.47619047619047616,0.4866666666666667,10.0,cvxpy,Soft-Margin,
Soft-Margin sklearn (C=10),0.4861111111111111,0.4666666666666667,0.47619047619047616,0.4866666666666667,10.0,sklearn,Soft-Margin,
Soft-Margin cvxpy (C=100),0.4861111111111111,0.4666666666666667,0.47619047619047616,0.4866666666666667,100.0,cvxpy,Soft-Margin,
Soft-Margin sklearn (C=100),0.4861111111111111,0.4666666666666667,0.47619047619047616,0.4866666666666667,100.0,sklearn,Soft-Margin,
"Kernel sklearn (C=0.01, gamma=0.1)",0.8,0.8888888888888888,0.8421052631578947,0.8333333333333334,0.01,sklearn,Kernel,0.1
"Kernel sklearn (C=0.01, gamma=0.5)",0.8076923076923077,0.9333333333333333,0.865979381443299,0.8555555555555555,0.01,sklearn,Kernel,0.5
"Kernel sklearn (C=0.01, gamma=1)",0.8431372549019608,0.9555555555555556,0.8958333333333334,0.8888888888888888,0.01,sklearn,Kernel,1.0
"Kernel sklearn (C=0.01, gamma=2)",0.8775510204081632,0.9555555555555556,0.9148936170212766,0.9111111111111111,0.01,sklearn,Kernel,2.0
"Kernel sklearn (C=0.01, gamma=5)",0.8490566037735849,1.0,0.9183673469387755,0.9111111111111111,0.01,sklearn,Kernel,5.0
"Kernel sklearn (C=0.1, gamma=0.1)",0.7884615384615384,0.9111111111111111,0.845360824742268,0.8333333333333334,0.1,sklearn,Kernel,0.1
"Kernel sklearn (C=0.1, gamma=0.5)",0.8431372549019608,0.9555555555555556,0.8958333333333334,0.8888888888888888,0.1,sklearn,Kernel,0.5
"Kernel sklearn (C=0.1, gamma=1)",0.8775510204081632,0.9555555555555556,0.9148936170212766,0.9111111111111111,0.1,sklearn,Kernel,1.0
"Kernel sklearn (C=0.1, gamma=2)",0.8627450980392157,0.9777777777777777,0.9166666666666666,0.9111111111111111,0.1,sklearn,Kernel,2.0
"Kernel sklearn (C=0.1, gamma=5)",0.8653846153846154,1.0,0.9278350515463918,0.9222222222222223,0.1,sklearn,Kernel,5.0
"Kernel sklearn (C=1, gamma=0.1)",0.7962962962962963,0.9555555555555556,0.8686868686868687,0.8555555555555555,1.0,sklearn,Kernel,0.1
"Kernel sklearn (C=1, gamma=0.5)",0.8627450980392157,0.9777777777777777,0.9166666666666666,0.9111111111111111,1.0,sklearn,Kernel,0.5
"Kernel sklearn (C=1, gamma=1)",0.9183673469387755,1.0,0.9574468085106383,0.9555555555555556,1.0,sklearn,Kernel,1.0
"Kernel sklearn (C=1, gamma=2)",0.9574468085106383,1.0,0.9782608695652174,0.9777777777777777,1.0,sklearn,Kernel,2.0
"Kernel sklearn (C=1, gamma=5)",0.9166666666666666,0.9777777777777777,0.946236559139785,0.9444444444444444,1.0,sklearn,Kernel,5.0
"Kernel sklearn (C=10, gamma=0.1)",0.8269230769230769,0.9555555555555556,0.8865979381443299,0.8777777777777778,10.0,sklearn,Kernel,0.1
"Kernel sklearn (C=10, gamma=0.5)",0.9574468085106383,1.0,0.9782608695652174,0.9777777777777777,10.0,sklearn,Kernel,0.5
"Kernel sklearn (C=10, gamma=1)",0.9375,1.0,0.967741935483871,0.9666666666666667,10.0,sklearn,Kernel,1.0
"Kernel sklearn (C=10, gamma=2)",0.9361702127659575,0.9777777777777777,0.9565217391304348,0.9555555555555556,10.0,sklearn,Kernel,2.0
"Kernel sklearn (C=10, gamma=5)",0.8979591836734694,0.9777777777777777,0.9361702127659575,0.9333333333333333,10.0,sklearn,Kernel,5.0
"Kernel sklearn (C=100, gamma=0.1)",0.8627450980392157,0.9777777777777777,0.9166666666666666,0.9111111111111111,100.0,sklearn,Kernel,0.1
"Kernel sklearn (C=100, gamma=0.5)",0.9,1.0,0.9473684210526315,0.9444444444444444,100.0,sklearn,Kernel,0.5
"Kernel sklearn (C=100, gamma=1)",0.9375,1.0,0.967741935483871,0.9666666666666667,100.0,sklearn,Kernel,1.0
"Kernel sklearn (C=100, gamma=2)",0.9166666666666666,0.9777777777777777,0.946236559139785,0.9444444444444444,100.0,sklearn,Kernel,2.0
"Kernel sklearn (C=100, gamma=5)",0.8958333333333334,0.9555555555555556,0.9247311827956989,0.9222222222222223,100.0,sklearn,Kernel,5.0
